alpha,beta,fusion,steps,blocks,latency
0.5,0.5,500.0,51,160,4098
0.5,1.0,500.0,51,160,4098
0.5,1.5,500.0,51,160,4098
0.5,2.0,500.0,51,160,4098
0.5,2.5,500.0,51,160,4078
0.5,3.0,500.0,51,160,4095
0.5,3.5,500.0,51,160,4095
0.5,4.0,500.0,51,160,4095
0.5,4.5,500.0,51,160,4095
0.5,5.0,500.0,51,160,4095
1.0,0.5,500.0,51,160,4078
1.0,1.0,500.0,51,160,4098
1.0,1.5,500.0,51,160,4098
1.0,2.0,500.0,51,160,4080
1.0,2.5,500.0,51,160,4095
1.0,3.0,500.0,51,160,4095
1.0,3.5,500.0,51,160,4095
1.0,4.0,500.0,51,160,4095
1.0,4.5,500.0,51,160,4095
1.0,5.0,500.0,51,160,4095
1.5,0.5,500.0,51,160,4078
1.5,1.0,500.0,51,160,4078
1.5,1.5,500.0,51,160,4080
1.5,2.0,500.0,51,160,4080
1.5,2.5,500.0,51,160,4095
1.5,3.0,500.0,51,160,4095
1.5,3.5,500.0,51,160,4095
1.5,4.0,500.0,51,160,4095
1.5,4.5,500.0,51,160,4095
1.5,5.0,500.0,51,160,4095
2.0,0.5,500.0,51,160,4078
2.0,1.0,500.0,51,160,4078
2.0,1.5,500.0,51,160,4078
2.0,2.0,500.0,51,160,4080
2.0,2.5,500.0,51,160,4080
2.0,3.0,500.0,51,160,4095
2.0,3.5,500.0,51,160,4095
2.0,4.0,500.0,51,160,4095
2.0,4.5,500.0,51,160,4095
2.0,5.0,500.0,51,160,4095
2.5,0.5,500.0,51,160,4138
2.5,1.0,500.0,51,160,4078
2.5,1.5,500.0,51,160,4078
2.5,2.0,500.0,51,160,4078
2.5,2.5,500.0,51,160,4080
2.5,3.0,500.0,51,160,4095
2.5,3.5,500.0,51,160,4095
2.5,4.0,500.0,51,160,4095
2.5,4.5,500.0,51,160,4095
2.5,5.0,500.0,51,160,4095
3.0,0.5,500.0,51,160,4138
3.0,1.0,500.0,51,160,4078
3.0,1.5,500.0,51,160,4078
3.0,2.0,500.0,51,160,4078
3.0,2.5,500.0,51,160,4078
3.0,3.0,500.0,51,160,4138
3.0,3.5,500.0,51,160,4095
3.0,4.0,500.0,51,160,4095
3.0,4.5,500.0,51,160,4095
3.0,5.0,500.0,51,160,4095
0.5,0.5,5000.0,52,172,4172
0.5,1.0,5000.0,52,172,4150
0.5,1.5,5000.0,52,172,4150
0.5,2.0,5000.0,52,172,4150
0.5,2.5,5000.0,52,172,4150
0.5,3.0,5000.0,52,172,4150
0.5,3.5,5000.0,52,172,4150
0.5,4.0,5000.0,52,172,4150
0.5,4.5,5000.0,52,172,4150
0.5,5.0,5000.0,52,172,4150
1.0,0.5,5000.0,52,172,4189
1.0,1.0,5000.0,52,172,4150
1.0,1.5,5000.0,52,172,4150
1.0,2.0,5000.0,52,172,4150
1.0,2.5,5000.0,52,172,4150
1.0,3.0,5000.0,52,172,4150
1.0,3.5,5000.0,52,172,4150
1.0,4.0,5000.0,52,172,4150
1.0,4.5,5000.0,52,172,4150
1.0,5.0,5000.0,52,172,4150
1.5,0.5,5000.0,52,172,4189
1.5,1.0,5000.0,52,172,4189
1.5,1.5,5000.0,52,172,4150
1.5,2.0,5000.0,52,172,4150
1.5,2.5,5000.0,52,172,4150
1.5,3.0,5000.0,52,172,4150
1.5,3.5,5000.0,52,172,4150
1.5,4.0,5000.0,52,172,4150
1.5,4.5,5000.0,52,172,4150
1.5,5.0,5000.0,52,172,4150
2.0,0.5,5000.0,54,172,4373
2.0,1.0,5000.0,52,172,4189
2.0,1.5,5000.0,52,172,4150
2.0,2.0,5000.0,52,172,4150
2.0,2.5,5000.0,52,172,4150
2.0,3.0,5000.0,52,172,4150
2.0,3.5,5000.0,52,172,4150
2.0,4.0,5000.0,52,172,4150
2.0,4.5,5000.0,52,172,4150
2.0,5.0,5000.0,52,172,4150
2.5,0.5,5000.0,54,172,4373
2.5,1.0,5000.0,52,172,4189
2.5,1.5,5000.0,52,172,4189
2.5,2.0,5000.0,52,172,4150
2.5,2.5,5000.0,52,172,4150
2.5,3.0,5000.0,52,172,4150
2.5,3.5,5000.0,52,172,4150
2.5,4.0,5000.0,52,172,4150
2.5,4.5,5000.0,52,172,4150
2.5,5.0,5000.0,52,172,4150
3.0,0.5,5000.0,54,172,4373
3.0,1.0,5000.0,54,172,4373
3.0,1.5,5000.0,52,172,4189
3.0,2.0,5000.0,52,172,4150
3.0,2.5,5000.0,52,172,4150
3.0,3.0,5000.0,52,172,4150
3.0,3.5,5000.0,52,172,4150
3.0,4.0,5000.0,52,172,4150
3.0,4.5,5000.0,52,172,4150
3.0,5.0,5000.0,52,172,4150
0.5,0.5,20000.0,58,186,4689
0.5,1.0,20000.0,58,186,4720
0.5,1.5,20000.0,58,186,4720
0.5,2.0,20000.0,58,186,4720
0.5,2.5,20000.0,58,186,4645
0.5,3.0,20000.0,58,186,4645
0.5,3.5,20000.0,58,186,4645
0.5,4.0,20000.0,58,186,4645
0.5,4.5,20000.0,58,186,4645
0.5,5.0,20000.0,58,186,4645
1.0,0.5,20000.0,60,186,4856
1.0,1.0,20000.0,58,186,4720
1.0,1.5,20000.0,58,186,4720
1.0,2.0,20000.0,58,186,4720
1.0,2.5,20000.0,58,186,4720
1.0,3.0,20000.0,58,186,4645
1.0,3.5,20000.0,58,186,4645
1.0,4.0,20000.0,58,186,4645
1.0,4.5,20000.0,58,186,4645
1.0,5.0,20000.0,58,186,4645
1.5,0.5,20000.0,60,186,4856
1.5,1.0,20000.0,60,186,4856
1.5,1.5,20000.0,58,186,4720
1.5,2.0,20000.0,58,186,4720
1.5,2.5,20000.0,58,186,4720
1.5,3.0,20000.0,58,186,4720
1.5,3.5,20000.0,58,186,4720
1.5,4.0,20000.0,58,186,4645
1.5,4.5,20000.0,58,186,4645
1.5,5.0,20000.0,58,186,4645
2.0,0.5,20000.0,61,186,4950
2.0,1.0,20000.0,60,186,4856
2.0,1.5,20000.0,58,186,4724
2.0,2.0,20000.0,58,186,4724
2.0,2.5,20000.0,58,186,4724
2.0,3.0,20000.0,58,186,4720
2.0,3.5,20000.0,58,186,4720
2.0,4.0,20000.0,58,186,4734
2.0,4.5,20000.0,58,186,4734
2.0,5.0,20000.0,58,186,4734
2.5,0.5,20000.0,61,186,4950
2.5,1.0,20000.0,60,186,4856
2.5,1.5,20000.0,60,186,4856
2.5,2.0,20000.0,58,186,4724
2.5,2.5,20000.0,58,186,4720
2.5,3.0,20000.0,58,186,4720
2.5,3.5,20000.0,58,186,4734
2.5,4.0,20000.0,58,186,4734
2.5,4.5,20000.0,58,186,4734
2.5,5.0,20000.0,58,186,4734
3.0,0.5,20000.0,61,186,4950
3.0,1.0,20000.0,61,186,4950
3.0,1.5,20000.0,60,186,4856
3.0,2.0,20000.0,58,186,4724
3.0,2.5,20000.0,58,186,4724
3.0,3.0,20000.0,58,186,4734
3.0,3.5,20000.0,58,186,4734
3.0,4.0,20000.0,58,186,4734
3.0,4.5,20000.0,58,186,4734
3.0,5.0,20000.0,58,186,4734
