alpha,beta,fusion,steps,blocks
0.25,0.5,500.0,2,27
0.25,1.0,500.0,2,27
0.25,1.5,500.0,2,27
0.25,2.0,500.0,2,27
0.25,2.5,500.0,2,27
0.25,3.0,500.0,2,27
0.25,3.5,500.0,2,27
0.25,4.0,500.0,2,27
0.25,4.5,500.0,2,27
0.25,5.0,500.0,2,27
0.5,0.5,500.0,2,27
0.5,1.0,500.0,2,27
0.5,1.5,500.0,2,27
0.5,2.0,500.0,2,27
0.5,2.5,500.0,2,27
0.5,3.0,500.0,2,27
0.5,3.5,500.0,2,27
0.5,4.0,500.0,2,27
0.5,4.5,500.0,2,27
0.5,5.0,500.0,2,27
0.75,0.5,500.0,2,27
0.75,1.0,500.0,2,27
0.75,1.5,500.0,2,27
0.75,2.0,500.0,2,27
0.75,2.5,500.0,2,27
0.75,3.0,500.0,2,27
0.75,3.5,500.0,2,27
0.75,4.0,500.0,2,27
0.75,4.5,500.0,2,27
0.75,5.0,500.0,2,27
1.0,0.5,500.0,2,27
1.0,1.0,500.0,2,27
1.0,1.5,500.0,2,27
1.0,2.0,500.0,2,27
1.0,2.5,500.0,2,27
1.0,3.0,500.0,2,27
1.0,3.5,500.0,2,27
1.0,4.0,500.0,2,27
1.0,4.5,500.0,2,27
1.0,5.0,500.0,2,27
1.25,0.5,500.0,2,27
1.25,1.0,500.0,2,27
1.25,1.5,500.0,2,27
1.25,2.0,500.0,2,27
1.25,2.5,500.0,2,27
1.25,3.0,500.0,2,27
1.25,3.5,500.0,2,27
1.25,4.0,500.0,2,27
1.25,4.5,500.0,2,27
1.25,5.0,500.0,2,27
1.5,0.5,500.0,2,27
1.5,1.0,500.0,2,27
1.5,1.5,500.0,2,27
1.5,2.0,500.0,2,27
1.5,2.5,500.0,2,27
1.5,3.0,500.0,2,27
1.5,3.5,500.0,2,27
1.5,4.0,500.0,2,27
1.5,4.5,500.0,2,27
1.5,5.0,500.0,2,27
1.75,0.5,500.0,2,27
1.75,1.0,500.0,2,27
1.75,1.5,500.0,2,27
1.75,2.0,500.0,2,27
1.75,2.5,500.0,2,27
1.75,3.0,500.0,2,27
1.75,3.5,500.0,2,27
1.75,4.0,500.0,2,27
1.75,4.5,500.0,2,27
1.75,5.0,500.0,2,27
2.0,0.5,500.0,2,27
2.0,1.0,500.0,2,27
2.0,1.5,500.0,2,27
2.0,2.0,500.0,2,27
2.0,2.5,500.0,2,27
2.0,3.0,500.0,2,27
2.0,3.5,500.0,2,27
2.0,4.0,500.0,2,27
2.0,4.5,500.0,2,27
2.0,5.0,500.0,2,27
2.25,0.5,500.0,2,27
2.25,1.0,500.0,2,27
2.25,1.5,500.0,2,27
2.25,2.0,500.0,2,27
2.25,2.5,500.0,2,27
2.25,3.0,500.0,2,27
2.25,3.5,500.0,2,27
2.25,4.0,500.0,2,27
2.25,4.5,500.0,2,27
2.25,5.0,500.0,2,27
2.5,0.5,500.0,2,27
2.5,1.0,500.0,2,27
2.5,1.5,500.0,2,27
2.5,2.0,500.0,2,27
2.5,2.5,500.0,2,27
2.5,3.0,500.0,2,27
2.5,3.5,500.0,2,27
2.5,4.0,500.0,2,27
2.5,4.5,500.0,2,27
2.5,5.0,500.0,2,27
2.75,0.5,500.0,2,27
2.75,1.0,500.0,2,27
2.75,1.5,500.0,2,27
2.75,2.0,500.0,2,27
2.75,2.5,500.0,2,27
2.75,3.0,500.0,2,27
2.75,3.5,500.0,2,27
2.75,4.0,500.0,2,27
2.75,4.5,500.0,2,27
2.75,5.0,500.0,2,27
3.0,0.5,500.0,2,27
3.0,1.0,500.0,2,27
3.0,1.5,500.0,2,27
3.0,2.0,500.0,2,27
3.0,2.5,500.0,2,27
3.0,3.0,500.0,2,27
3.0,3.5,500.0,2,27
3.0,4.0,500.0,2,27
3.0,4.5,500.0,2,27
3.0,5.0,500.0,2,27
0.25,0.5,20000.0,46,162
0.25,1.0,20000.0,46,162
0.25,1.5,20000.0,46,162
0.25,2.0,20000.0,46,162
0.25,2.5,20000.0,46,162
0.25,3.0,20000.0,46,162
0.25,3.5,20000.0,46,162
0.25,4.0,20000.0,46,162
0.25,4.5,20000.0,46,162
0.25,5.0,20000.0,46,162
0.5,0.5,20000.0,46,162
0.5,1.0,20000.0,46,162
0.5,1.5,20000.0,46,162
0.5,2.0,20000.0,46,162
0.5,2.5,20000.0,46,162
0.5,3.0,20000.0,46,162
0.5,3.5,20000.0,46,162
0.5,4.0,20000.0,46,162
0.5,4.5,20000.0,46,162
0.5,5.0,20000.0,46,162
0.75,0.5,20000.0,46,162
0.75,1.0,20000.0,46,162
0.75,1.5,20000.0,46,162
0.75,2.0,20000.0,46,162
0.75,2.5,20000.0,46,162
0.75,3.0,20000.0,46,162
0.75,3.5,20000.0,46,162
0.75,4.0,20000.0,46,162
0.75,4.5,20000.0,46,162
0.75,5.0,20000.0,46,162
1.0,0.5,20000.0,46,162
1.0,1.0,20000.0,46,162
1.0,1.5,20000.0,46,162
1.0,2.0,20000.0,46,162
1.0,2.5,20000.0,46,162
1.0,3.0,20000.0,46,162
1.0,3.5,20000.0,46,162
1.0,4.0,20000.0,46,162
1.0,4.5,20000.0,46,162
1.0,5.0,20000.0,46,162
1.25,0.5,20000.0,46,162
1.25,1.0,20000.0,46,162
1.25,1.5,20000.0,46,162
1.25,2.0,20000.0,46,162
1.25,2.5,20000.0,46,162
1.25,3.0,20000.0,46,162
1.25,3.5,20000.0,46,162
1.25,4.0,20000.0,46,162
1.25,4.5,20000.0,46,162
1.25,5.0,20000.0,46,162
1.5,0.5,20000.0,46,162
1.5,1.0,20000.0,46,162
1.5,1.5,20000.0,46,162
1.5,2.0,20000.0,46,162
1.5,2.5,20000.0,46,162
1.5,3.0,20000.0,46,162
1.5,3.5,20000.0,46,162
1.5,4.0,20000.0,46,162
1.5,4.5,20000.0,46,162
1.5,5.0,20000.0,46,162
1.75,0.5,20000.0,46,162
1.75,1.0,20000.0,46,162
1.75,1.5,20000.0,46,162
1.75,2.0,20000.0,46,162
1.75,2.5,20000.0,46,162
1.75,3.0,20000.0,46,162
1.75,3.5,20000.0,46,162
1.75,4.0,20000.0,46,162
1.75,4.5,20000.0,46,162
1.75,5.0,20000.0,46,162
2.0,0.5,20000.0,46,162
2.0,1.0,20000.0,46,162
2.0,1.5,20000.0,46,162
2.0,2.0,20000.0,46,162
2.0,2.5,20000.0,46,162
2.0,3.0,20000.0,46,162
2.0,3.5,20000.0,46,162
2.0,4.0,20000.0,46,162
2.0,4.5,20000.0,46,162
2.0,5.0,20000.0,46,162
2.25,0.5,20000.0,46,162
2.25,1.0,20000.0,46,162
2.25,1.5,20000.0,46,162
2.25,2.0,20000.0,46,162
2.25,2.5,20000.0,46,162
2.25,3.0,20000.0,46,162
2.25,3.5,20000.0,46,162
2.25,4.0,20000.0,46,162
2.25,4.5,20000.0,46,162
2.25,5.0,20000.0,46,162
2.5,0.5,20000.0,46,162
2.5,1.0,20000.0,46,162
2.5,1.5,20000.0,46,162
2.5,2.0,20000.0,46,162
2.5,2.5,20000.0,46,162
2.5,3.0,20000.0,46,162
2.5,3.5,20000.0,46,162
2.5,4.0,20000.0,46,162
2.5,4.5,20000.0,46,162
2.5,5.0,20000.0,46,162
2.75,0.5,20000.0,46,162
2.75,1.0,20000.0,46,162
2.75,1.5,20000.0,46,162
2.75,2.0,20000.0,46,162
2.75,2.5,20000.0,46,162
2.75,3.0,20000.0,46,162
2.75,3.5,20000.0,46,162
2.75,4.0,20000.0,46,162
2.75,4.5,20000.0,46,162
2.75,5.0,20000.0,46,162
3.0,0.5,20000.0,46,162
3.0,1.0,20000.0,46,162
3.0,1.5,20000.0,46,162
3.0,2.0,20000.0,46,162
3.0,2.5,20000.0,46,162
3.0,3.0,20000.0,46,162
3.0,3.5,20000.0,46,162
3.0,4.0,20000.0,46,162
3.0,4.5,20000.0,46,162
3.0,5.0,20000.0,46,162
0.25,0.5,25000.0,58,190
0.25,1.0,25000.0,58,190
0.25,1.5,25000.0,58,190
0.25,2.0,25000.0,58,190
0.25,2.5,25000.0,58,190
0.25,3.0,25000.0,58,190
0.25,3.5,25000.0,58,190
0.25,4.0,25000.0,58,190
0.25,4.5,25000.0,58,190
0.25,5.0,25000.0,58,190
0.5,0.5,25000.0,58,190
0.5,1.0,25000.0,58,190
0.5,1.5,25000.0,58,190
0.5,2.0,25000.0,58,190
0.5,2.5,25000.0,58,190
0.5,3.0,25000.0,58,190
0.5,3.5,25000.0,58,190
0.5,4.0,25000.0,58,190
0.5,4.5,25000.0,58,190
0.5,5.0,25000.0,58,190
0.75,0.5,25000.0,58,190
0.75,1.0,25000.0,58,190
0.75,1.5,25000.0,58,190
0.75,2.0,25000.0,58,190
0.75,2.5,25000.0,58,190
0.75,3.0,25000.0,58,190
0.75,3.5,25000.0,58,190
0.75,4.0,25000.0,58,190
0.75,4.5,25000.0,58,190
0.75,5.0,25000.0,58,190
1.0,0.5,25000.0,58,190
1.0,1.0,25000.0,58,190
1.0,1.5,25000.0,58,190
1.0,2.0,25000.0,58,190
1.0,2.5,25000.0,58,190
1.0,3.0,25000.0,58,190
1.0,3.5,25000.0,58,190
1.0,4.0,25000.0,58,190
1.0,4.5,25000.0,58,190
1.0,5.0,25000.0,58,190
1.25,0.5,25000.0,58,190
1.25,1.0,25000.0,58,190
1.25,1.5,25000.0,58,190
1.25,2.0,25000.0,58,190
1.25,2.5,25000.0,58,190
1.25,3.0,25000.0,58,190
1.25,3.5,25000.0,58,190
1.25,4.0,25000.0,58,190
1.25,4.5,25000.0,58,190
1.25,5.0,25000.0,58,190
1.5,0.5,25000.0,58,190
1.5,1.0,25000.0,58,190
1.5,1.5,25000.0,58,190
1.5,2.0,25000.0,58,190
1.5,2.5,25000.0,58,190
1.5,3.0,25000.0,58,190
1.5,3.5,25000.0,58,190
1.5,4.0,25000.0,58,190
1.5,4.5,25000.0,58,190
1.5,5.0,25000.0,58,190
1.75,0.5,25000.0,58,190
1.75,1.0,25000.0,58,190
1.75,1.5,25000.0,58,190
1.75,2.0,25000.0,58,190
1.75,2.5,25000.0,58,190
1.75,3.0,25000.0,58,190
1.75,3.5,25000.0,58,190
1.75,4.0,25000.0,58,190
1.75,4.5,25000.0,58,190
1.75,5.0,25000.0,58,190
2.0,0.5,25000.0,58,190
2.0,1.0,25000.0,58,190
2.0,1.5,25000.0,58,190
2.0,2.0,25000.0,58,190
2.0,2.5,25000.0,58,190
2.0,3.0,25000.0,58,190
2.0,3.5,25000.0,58,190
2.0,4.0,25000.0,58,190
2.0,4.5,25000.0,58,190
2.0,5.0,25000.0,58,190
2.25,0.5,25000.0,58,190
2.25,1.0,25000.0,58,190
2.25,1.5,25000.0,58,190
2.25,2.0,25000.0,58,190
2.25,2.5,25000.0,58,190
2.25,3.0,25000.0,58,190
2.25,3.5,25000.0,58,190
2.25,4.0,25000.0,58,190
2.25,4.5,25000.0,58,190
2.25,5.0,25000.0,58,190
2.5,0.5,25000.0,58,190
2.5,1.0,25000.0,58,190
2.5,1.5,25000.0,58,190
2.5,2.0,25000.0,58,190
2.5,2.5,25000.0,58,190
2.5,3.0,25000.0,58,190
2.5,3.5,25000.0,58,190
2.5,4.0,25000.0,58,190
2.5,4.5,25000.0,58,190
2.5,5.0,25000.0,58,190
2.75,0.5,25000.0,58,190
2.75,1.0,25000.0,58,190
2.75,1.5,25000.0,58,190
2.75,2.0,25000.0,58,190
2.75,2.5,25000.0,58,190
2.75,3.0,25000.0,58,190
2.75,3.5,25000.0,58,190
2.75,4.0,25000.0,58,190
2.75,4.5,25000.0,58,190
2.75,5.0,25000.0,58,190
3.0,0.5,25000.0,58,190
3.0,1.0,25000.0,58,190
3.0,1.5,25000.0,58,190
3.0,2.0,25000.0,58,190
3.0,2.5,25000.0,58,190
3.0,3.0,25000.0,58,190
3.0,3.5,25000.0,58,190
3.0,4.0,25000.0,58,190
3.0,4.5,25000.0,58,190
3.0,5.0,25000.0,58,190
